study_id,type,name,label,url,filename,quality_flags
90,pdf,AHS_ Questionnaire_2017.pdf,AHS_ Questionnaire_2017.pdf,https://microdata.statistics.gov.rw/index.php/catalog/90/download/837,AHS_ Questionnaire_2017.pdf,
90,pdf,Agricultural Household Survey _2017_final.pdf,Agricultural Household Survey _2017_final.pdf,https://microdata.statistics.gov.rw/index.php/catalog/90/download/838,Agricultural Household Survey _2017_final.pdf,
101,pdf,AHS_2020_Questionnaire_English.pdf,AHS_2020_Questionnaire_English.pdf,https://microdata.statistics.gov.rw/index.php/catalog/101/download/908,AHS_2020_Questionnaire_English.pdf,
101,pdf,AHS_2020 report.pdf,AHS_2020 report.pdf,https://microdata.statistics.gov.rw/index.php/catalog/101/download/907,AHS_2020 report.pdf,
123,pdf,AHS 2024 Questionnaire.pdf,AHS 2024 Questionnaire.pdf,https://microdata.statistics.gov.rw/index.php/catalog/123/download/1106,AHS 2024 Questionnaire.pdf,
26,pdf,Questionnaire_compilation_for_Rwanda_CFSVA_MG[9].pdf,Questionnaire_compilation_for_Rwanda_CFSVA_MG[9].pdf,https://microdata.statistics.gov.rw/index.php/catalog/26/download/102,Questionnaire_compilation_for_Rwanda_CFSVA_MG[9].pdf,
26,pdf,CFSVA report 2006.pdf,CFSVA report 2006.pdf,https://microdata.statistics.gov.rw/index.php/catalog/26/download/101,CFSVA report 2006.pdf,
70,pdf,q-cfsva-2015-village-key-informant.pdf,q-cfsva-2015-village-key-informant.pdf,https://microdata.statistics.gov.rw/index.php/catalog/70/download/626,q-cfsva-2015-village-key-informant.pdf,
70,pdf,q-cfsva-2015-household.pdf,q-cfsva-2015-household.pdf,https://microdata.statistics.gov.rw/index.php/catalog/70/download/627,q-cfsva-2015-household.pdf,
70,pdf,q-cfsva-2015-mother-and-child-nutrition.pdf,q-cfsva-2015-mother-and-child-nutrition.pdf,https://microdata.statistics.gov.rw/index.php/catalog/70/download/628,q-cfsva-2015-mother-and-child-nutrition.pdf,
70,pdf,cfsva-2015-final-report-v01.pdf,cfsva-2015-final-report-v01.pdf,https://microdata.statistics.gov.rw/index.php/catalog/70/download/629,cfsva-2015-final-report-v01.pdf,
70,pdf,cfsva-2015-detailed- methodology.pdf,cfsva-2015-detailed- methodology.pdf,https://microdata.statistics.gov.rw/index.php/catalog/70/download/630,cfsva-2015-detailed- methodology.pdf,
70,pdf,cfsva-2015-definitions- and-computation- of main-indicators.pdf,cfsva-2015-definitions- and-computation- of main-indicators.pdf,https://microdata.statistics.gov.rw/index.php/catalog/70/download/631,cfsva-2015-definitions- and-computation- of main-indicators.pdf,
70,pdf,cfsva-2015-enumerator-manual-kiny.pdf,cfsva-2015-enumerator-manual-kiny.pdf,https://microdata.statistics.gov.rw/index.php/catalog/70/download/632,cfsva-2015-enumerator-manual-kiny.pdf,
70,pdf,cfsva-2015-enumerator-manual-eng.pdf,cfsva-2015-enumerator-manual-eng.pdf,https://microdata.statistics.gov.rw/index.php/catalog/70/download/633,cfsva-2015-enumerator-manual-eng.pdf,
91,pdf,RWA CFSVA 2018 HH MCHN Final EN.pdf,RWA CFSVA 2018 HH MCHN Final EN.pdf,https://microdata.statistics.gov.rw/index.php/catalog/91/download/855,RWA CFSVA 2018 HH MCHN Final EN.pdf,
91,pdf,RWA CFSVA 2018 HH MCHN Final KIN.pdf,RWA CFSVA 2018 HH MCHN Final KIN.pdf,https://microdata.statistics.gov.rw/index.php/catalog/91/download/856,RWA CFSVA 2018 HH MCHN Final KIN.pdf,
91,pdf,RWA CFSVA 2018 VILLAGE Final EN.pdf,RWA CFSVA 2018 VILLAGE Final EN.pdf,https://microdata.statistics.gov.rw/index.php/catalog/91/download/857,RWA CFSVA 2018 VILLAGE Final EN.pdf,
91,pdf,RWA CFSVA 2018 VILLAGE Final KIN.pdf,RWA CFSVA 2018 VILLAGE Final KIN.pdf,https://microdata.statistics.gov.rw/index.php/catalog/91/download/858,RWA CFSVA 2018 VILLAGE Final KIN.pdf,
91,pdf,CFSVA2018 Final Report.pdf,CFSVA2018 Final Report.pdf,https://microdata.statistics.gov.rw/index.php/catalog/91/download/849,CFSVA2018 Final Report.pdf,
91,pdf,Definitions and computation of main indicators.pdf,Definitions and computation of main indicators.pdf,https://microdata.statistics.gov.rw/index.php/catalog/91/download/850,Definitions and computation of main indicators.pdf,
91,pdf,Detailed assistance types grouping.pdf,Detailed assistance types grouping.pdf,https://microdata.statistics.gov.rw/index.php/catalog/91/download/851,Detailed assistance types grouping.pdf,
91,pdf,Detailed methodology.pdf,Detailed methodology.pdf,https://microdata.statistics.gov.rw/index.php/catalog/91/download/852,Detailed methodology.pdf,
106,pdf,RWA CFSVA 2021 HH_EN.pdf,RWA CFSVA 2021 HH_EN.pdf,https://microdata.statistics.gov.rw/index.php/catalog/106/download/946,RWA CFSVA 2021 HH_EN.pdf,
106,pdf,RWA CFSVA 2021 VILLAGE - ENGLISH.pdf,RWA CFSVA 2021 VILLAGE - ENGLISH.pdf,https://microdata.statistics.gov.rw/index.php/catalog/106/download/947,RWA CFSVA 2021 VILLAGE - ENGLISH.pdf,
106,pdf,RWA CFSVA 2021 HH_KIN.pdf,RWA CFSVA 2021 HH_KIN.pdf,https://microdata.statistics.gov.rw/index.php/catalog/106/download/948,RWA CFSVA 2021 HH_KIN.pdf,
106,pdf,RWA CFSVA 2021 VILLAGE - KINYARWANDA.pdf,RWA CFSVA 2021 VILLAGE - KINYARWANDA.pdf,https://microdata.statistics.gov.rw/index.php/catalog/106/download/949,RWA CFSVA 2021 VILLAGE - KINYARWANDA.pdf,
106,pdf,CFSVA Report_Final.pdf,CFSVA Report_Final.pdf,https://microdata.statistics.gov.rw/index.php/catalog/106/download/945,CFSVA Report_Final.pdf,
122,pdf,Questionnaire. RWA CFSVA 2024 HH - EN.pdf,Questionnaire. RWA CFSVA 2024 HH - EN.pdf,https://microdata.statistics.gov.rw/index.php/catalog/122/download/1101,Questionnaire. RWA CFSVA 2024 HH - EN.pdf,
122,pdf,Annex 01. Detailed Methodology.pdf,Annex 01. Detailed Methodology.pdf,https://microdata.statistics.gov.rw/index.php/catalog/122/download/1100,Annex 01. Detailed Methodology.pdf,
8,pdf,HH Questionnaire_Rwanda 2009 CFSVA & Nutrition Survey _English__FINAL.pdf,HH Questionnaire_Rwanda 2009 CFSVA & Nutrition Survey _English__FINAL.pdf,https://microdata.statistics.gov.rw/index.php/catalog/8/download/37,HH Questionnaire_Rwanda 2009 CFSVA & Nutrition Survey _English__FINAL.pdf,
8,pdf,CFSVA report 2009_1.pdf,CFSVA report 2009_1.pdf,https://microdata.statistics.gov.rw/index.php/catalog/8/download/36,CFSVA report 2009_1.pdf,
69,pdf,q-cfsvans-2012-community-eng.pdf,q-cfsvans-2012-community-eng.pdf,https://microdata.statistics.gov.rw/index.php/catalog/69/download/616,q-cfsvans-2012-community-eng.pdf,
69,pdf,q-cfsvans-2012-household-eng.pdf,q-cfsvans-2012-household-eng.pdf,https://microdata.statistics.gov.rw/index.php/catalog/69/download/617,q-cfsvans-2012-household-eng.pdf,
69,pdf,q-cfsvans-2012-woman-and-child-nutrition-eng.pdf,q-cfsvans-2012-woman-and-child-nutrition-eng.pdf,https://microdata.statistics.gov.rw/index.php/catalog/69/download/618,q-cfsvans-2012-woman-and-child-nutrition-eng.pdf,
69,pdf,cfsvans-2012-final-report-v01.pdf,cfsvans-2012-final-report-v01.pdf,https://microdata.statistics.gov.rw/index.php/catalog/69/download/619,cfsvans-2012-final-report-v01.pdf,
69,xls,cfsvans-2012-references.xls,cfsvans-2012-references.xls,https://microdata.statistics.gov.rw/index.php/catalog/69/download/620,cfsvans-2012-references.xls,
69,pdf,cfsvans-2012-detailed-methodology-eng.pdf,cfsvans-2012-detailed-methodology-eng.pdf,https://microdata.statistics.gov.rw/index.php/catalog/69/download/621,cfsvans-2012-detailed-methodology-eng.pdf,
69,pdf,cfsvans-2012-regression-analysis-eng.pdf,cfsvans-2012-regression-analysis-eng.pdf,https://microdata.statistics.gov.rw/index.php/catalog/69/download/622,cfsvans-2012-regression-analysis-eng.pdf,
69,pdf,cfsvans-2012-water-requirements-satissfaction-index-methodology-eng.pdf,cfsvans-2012-water-requirements-satissfaction-index-methodology-eng.pdf,https://microdata.statistics.gov.rw/index.php/catalog/69/download/623,cfsvans-2012-water-requirements-satissfaction-index-methodology-eng.pdf,
69,pdf,cfsvans-2012-eng-definitions-and- computation-of main- indicators.pdf,cfsvans-2012-eng-definitions-and- computation-of main- indicators.pdf,https://microdata.statistics.gov.rw/index.php/catalog/69/download/624,cfsvans-2012-eng-definitions-and- computation-of main- indicators.pdf,
11,pdf,Rwanda_DHS.pdf,Rwanda_DHS.pdf,https://microdata.statistics.gov.rw/index.php/catalog/11/download/48,Rwanda_DHS.pdf,
11,pdf,DHS_Key Findings_2000.pdf,DHS_Key Findings_2000.pdf,https://microdata.statistics.gov.rw/index.php/catalog/11/download/49,DHS_Key Findings_2000.pdf,
11,pdf,DHS2000_HIV.pdf,DHS2000_HIV.pdf,https://microdata.statistics.gov.rw/index.php/catalog/11/download/50,DHS2000_HIV.pdf,
11,pdf,DHS_Nutrition.pdf,DHS_Nutrition.pdf,https://microdata.statistics.gov.rw/index.php/catalog/11/download/51,DHS_Nutrition.pdf,
68,pdf,q-rdhs5-2014-2015-household-eng.pdf,q-rdhs5-2014-2015-household-eng.pdf,https://microdata.statistics.gov.rw/index.php/catalog/68/download/587,q-rdhs5-2014-2015-household-eng.pdf,
68,pdf,q-rdhs5-2014-2015-household-kin.pdf,q-rdhs5-2014-2015-household-kin.pdf,https://microdata.statistics.gov.rw/index.php/catalog/68/download/588,q-rdhs5-2014-2015-household-kin.pdf,
68,pdf,q-rdhs5-2014-2015-man-eng.pdf,q-rdhs5-2014-2015-man-eng.pdf,https://microdata.statistics.gov.rw/index.php/catalog/68/download/589,q-rdhs5-2014-2015-man-eng.pdf,
68,pdf,q-rdhs5-2014-2015-man-kin.pdf,q-rdhs5-2014-2015-man-kin.pdf,https://microdata.statistics.gov.rw/index.php/catalog/68/download/590,q-rdhs5-2014-2015-man-kin.pdf,
68,pdf,q-rdhs5-2014-2015-woman-eng.pdf,q-rdhs5-2014-2015-woman-eng.pdf,https://microdata.statistics.gov.rw/index.php/catalog/68/download/591,q-rdhs5-2014-2015-woman-eng.pdf,
68,pdf,q-rdhs5-2014-2015-woman-kin.pdf,q-rdhs5-2014-2015-woman-kin.pdf,https://microdata.statistics.gov.rw/index.php/catalog/68/download/592,q-rdhs5-2014-2015-woman-kin.pdf,
68,pdf,rdhs-v-final-report.pdf,rdhs-v-final-report.pdf,https://microdata.statistics.gov.rw/index.php/catalog/68/download/603,rdhs-v-final-report.pdf,
68,pdf,rdhs-v-key-findings.pdf,rdhs-v-key-findings.pdf,https://microdata.statistics.gov.rw/index.php/catalog/68/download/604,rdhs-v-key-findings.pdf,
68,file,rdhs-v-key-findings-presentation-part-one.ppt,rdhs-v-key-findings-presentation-part-one.ppt,https://microdata.statistics.gov.rw/index.php/catalog/68/download/605,rdhs-v-key-findings-presentation-part-one.ppt,generic_resource_type
68,file,Rrdhs-v-key-findings-presentation-part-two.ppt,Rrdhs-v-key-findings-presentation-part-two.ppt,https://microdata.statistics.gov.rw/index.php/catalog/68/download/606,Rrdhs-v-key-findings-presentation-part-two.ppt,generic_resource_type
68,pdf,rdhs5-2014-2015-flyer.pdf,rdhs5-2014-2015-flyer.pdf,https://microdata.statistics.gov.rw/index.php/catalog/68/download/586,rdhs5-2014-2015-flyer.pdf,
68,pdf,rdhs5-2014-2015-households-listing-manual-eng.pdf,rdhs5-2014-2015-households-listing-manual-eng.pdf,https://microdata.statistics.gov.rw/index.php/catalog/68/download/593,rdhs5-2014-2015-households-listing-manual-eng.pdf,
68,pdf,rdhs5-2014-2015-interviewer-manual-eng.pdf,rdhs5-2014-2015-interviewer-manual-eng.pdf,https://microdata.statistics.gov.rw/index.php/catalog/68/download/594,rdhs5-2014-2015-interviewer-manual-eng.pdf,
68,pdf,rdhs5-2014-2015-interviewer-manual-fr.pdf,rdhs5-2014-2015-interviewer-manual-fr.pdf,https://microdata.statistics.gov.rw/index.php/catalog/68/download/595,rdhs5-2014-2015-interviewer-manual-fr.pdf,
68,pdf,rdhs5-2014-2015-supervisor-editor-manual.pdf,rdhs5-2014-2015-supervisor-editor-manual.pdf,https://microdata.statistics.gov.rw/index.php/catalog/68/download/596,rdhs5-2014-2015-supervisor-editor-manual.pdf,
68,pdf,rdhs5-2014-2015-listing-form-eng.pdf,rdhs5-2014-2015-listing-form-eng.pdf,https://microdata.statistics.gov.rw/index.php/catalog/68/download/598,rdhs5-2014-2015-listing-form-eng.pdf,
68,pdf,rdhs5-2014-2015-sample-design-eng.pdf,rdhs5-2014-2015-sample-design-eng.pdf,https://microdata.statistics.gov.rw/index.php/catalog/68/download/601,rdhs5-2014-2015-sample-design-eng.pdf,
68,pdf,rdhs5-2014-2015-protocol-eng.pdf,rdhs5-2014-2015-protocol-eng.pdf,https://microdata.statistics.gov.rw/index.php/catalog/68/download/602,rdhs5-2014-2015-protocol-eng.pdf,
68,pdf,rdhs5-2014-2015-data-collection-supervision-report-form-eng.pdf,rdhs5-2014-2015-data-collection-supervision-report-form-eng.pdf,https://microdata.statistics.gov.rw/index.php/catalog/68/download/607,rdhs5-2014-2015-data-collection-supervision-report-form-eng.pdf,
14,pdf,Questionnaire_DHS 2005.pdf,Questionnaire_DHS 2005.pdf,https://microdata.statistics.gov.rw/index.php/catalog/14/download/56,Questionnaire_DHS 2005.pdf,
14,pdf,DHS_2005 Report.pdf,DHS_2005 Report.pdf,https://microdata.statistics.gov.rw/index.php/catalog/14/download/62,DHS_2005 Report.pdf,
14,pdf,Key Findings.pdf,Key Findings.pdf,https://microdata.statistics.gov.rw/index.php/catalog/14/download/63,Key Findings.pdf,
14,pdf,DHS6_Interviewer_Manual_22July2011.pdf,DHS6_Interviewer_Manual_22July2011.pdf,https://microdata.statistics.gov.rw/index.php/catalog/14/download/57,DHS6_Interviewer_Manual_22July2011.pdf,
14,pdf,DHS6_Supervisor_Editor_Manual_30Mar2011.pdf,DHS6_Supervisor_Editor_Manual_30Mar2011.pdf,https://microdata.statistics.gov.rw/index.php/catalog/14/download/58,DHS6_Supervisor_Editor_Manual_30Mar2011.pdf,
14,pdf,entry.pdf,entry.pdf,https://microdata.statistics.gov.rw/index.php/catalog/14/download/59,entry.pdf,
14,pdf,DHS_Training_Guidelines.pdf,DHS_Training_Guidelines.pdf,https://microdata.statistics.gov.rw/index.php/catalog/14/download/60,DHS_Training_Guidelines.pdf,
14,pdf,Data entry supervision.pdf,Data entry supervision.pdf,https://microdata.statistics.gov.rw/index.php/catalog/14/download/61,Data entry supervision.pdf,
4,pdf,2010 Rwanda Demographic and Health Survey Questionnaire.pdf,2010 Rwanda Demographic and Health Survey Questionnaire.pdf,https://microdata.statistics.gov.rw/index.php/catalog/4/download/11,2010 Rwanda Demographic and Health Survey Questionnaire.pdf,
4,pdf,2010 Rwanda Demographic and Health Survey Report.pdf,2010 Rwanda Demographic and Health Survey Report.pdf,https://microdata.statistics.gov.rw/index.php/catalog/4/download/15,2010 Rwanda Demographic and Health Survey Report.pdf,
4,pdf,2010 Rwanda Demographic and Health Survey Key Findings.pdf,2010 Rwanda Demographic and Health Survey Key Findings.pdf,https://microdata.statistics.gov.rw/index.php/catalog/4/download/16,2010 Rwanda Demographic and Health Survey Key Findings.pdf,
4,pdf,DHS_Training_Guidelines.pdf,DHS_Training_Guidelines.pdf,https://microdata.statistics.gov.rw/index.php/catalog/4/download/12,DHS_Training_Guidelines.pdf,
4,pdf,DHS6_Interviewer_Manual_22July2011.pdf,DHS6_Interviewer_Manual_22July2011.pdf,https://microdata.statistics.gov.rw/index.php/catalog/4/download/13,DHS6_Interviewer_Manual_22July2011.pdf,
4,pdf,DHS6_Supervisor_Editor_Manual_30Mar2011.pdf,DHS6_Supervisor_Editor_Manual_30Mar2011.pdf,https://microdata.statistics.gov.rw/index.php/catalog/4/download/14,DHS6_Supervisor_Editor_Manual_30Mar2011.pdf,
25,pdf,MICS Questionnaire.pdf,MICS Questionnaire.pdf,https://microdata.statistics.gov.rw/index.php/catalog/25/download/99,MICS Questionnaire.pdf,
25,pdf,Rwanda MICS_Preliminary Report.pdf,Rwanda MICS_Preliminary Report.pdf,https://microdata.statistics.gov.rw/index.php/catalog/25/download/97,Rwanda MICS_Preliminary Report.pdf,
25,pdf,Rwanda_MICS_tables.pdf,Rwanda_MICS_tables.pdf,https://microdata.statistics.gov.rw/index.php/catalog/25/download/98,Rwanda_MICS_tables.pdf,
6,pdf,rwa_Women.pdf,rwa_Women.pdf,https://microdata.statistics.gov.rw/index.php/catalog/6/download/26,rwa_Women.pdf,
6,pdf,rwa_Man.pdf,rwa_Man.pdf,https://microdata.statistics.gov.rw/index.php/catalog/6/download/27,rwa_Man.pdf,
6,pdf,rwa_Household.pdf,rwa_Household.pdf,https://microdata.statistics.gov.rw/index.php/catalog/6/download/28,rwa_Household.pdf,
6,pdf,DHS_1992_Report.pdf,DHS_1992_Report.pdf,https://microdata.statistics.gov.rw/index.php/catalog/6/download/29,DHS_1992_Report.pdf,
6,pdf,Plan de sondage11AnnexeB.pdf,Plan de sondage11AnnexeB.pdf,https://microdata.statistics.gov.rw/index.php/catalog/6/download/32,Plan de sondage11AnnexeB.pdf,
6,pdf,DHS_Key Findings_1992.pdf,DHS_Key Findings_1992.pdf,https://microdata.statistics.gov.rw/index.php/catalog/6/download/30,DHS_Key Findings_1992.pdf,
6,pdf,Erreurs de sondage12AnnexeC.pdf,Erreurs de sondage12AnnexeC.pdf,https://microdata.statistics.gov.rw/index.php/catalog/6/download/31,Erreurs de sondage12AnnexeC.pdf,
6,pdf,Data quality tables13AnnexeD.pdf,Data quality tables13AnnexeD.pdf,https://microdata.statistics.gov.rw/index.php/catalog/6/download/33,Data quality tables13AnnexeD.pdf,
120,pdf,Finscope consumer 2024 Final QNR 29 June 2025_Shared_NISR.pdf,Finscope consumer 2024 Final QNR 29 June 2025_Shared_NISR.pdf,https://microdata.statistics.gov.rw/index.php/catalog/120/download/1088,Finscope consumer 2024 Final QNR 29 June 2025_Shared_NISR.pdf,
120,pdf,Finscope-Final-Report__10_07_2024-1.pdf,Finscope-Final-Report__10_07_2024-1.pdf,https://microdata.statistics.gov.rw/index.php/catalog/120/download/1085,Finscope-Final-Report__10_07_2024-1.pdf,
120,pdf,FinScope-2024-Presantation.pdf,FinScope-2024-Presantation.pdf,https://microdata.statistics.gov.rw/index.php/catalog/120/download/1089,FinScope-2024-Presantation.pdf,
9,pdf,Quest coll vers .Anglaise.pdf,Quest coll vers .Anglaise.pdf,https://microdata.statistics.gov.rw/index.php/catalog/9/download/38,Quest coll vers .Anglaise.pdf,
9,pdf,Quest. version anglaise..pdf,Quest. version anglaise..pdf,https://microdata.statistics.gov.rw/index.php/catalog/9/download/39,Quest. version anglaise..pdf,
9,pdf,Census_A synthesis report_0.pdf,Census_A synthesis report_0.pdf,https://microdata.statistics.gov.rw/index.php/catalog/9/download/40,Census_A synthesis report_0.pdf,
9,zip,TablesEnglish.zip,TablesEnglish.zip,https://microdata.statistics.gov.rw/index.php/catalog/9/download/43,TablesEnglish.zip,
79,pdf,rwa-nisr- rhadpa-report.pdf,rwa-nisr- rhadpa-report.pdf,https://microdata.statistics.gov.rw/index.php/catalog/79/download/764,rwa-nisr- rhadpa-report.pdf,
75,doc,q-eicv-2013-2014-qustionnaire-eng.doc,q-eicv-2013-2014-qustionnaire-eng.doc,https://microdata.statistics.gov.rw/index.php/catalog/75/download/726,q-eicv-2013-2014-qustionnaire-eng.doc,
75,doc,q-eicv-2013-2014-questionnaire-part-A-kiny.doc,q-eicv-2013-2014-questionnaire-part-A-kiny.doc,https://microdata.statistics.gov.rw/index.php/catalog/75/download/727,q-eicv-2013-2014-questionnaire-part-A-kiny.doc,
75,doc,q-eicv-2013-2014-questionnaire-part-B-kiny.doc,q-eicv-2013-2014-questionnaire-part-B-kiny.doc,https://microdata.statistics.gov.rw/index.php/catalog/75/download/728,q-eicv-2013-2014-questionnaire-part-B-kiny.doc,
75,pdf,eicv-2013-2014-main-indicators-report.pdf,eicv-2013-2014-main-indicators-report.pdf,https://microdata.statistics.gov.rw/index.php/catalog/75/download/717,eicv-2013-2014-main-indicators-report.pdf,
75,pdf,eicv-2013-2014-economic-activities-thematic-report.pdf,eicv-2013-2014-economic-activities-thematic-report.pdf,https://microdata.statistics.gov.rw/index.php/catalog/75/download/718,eicv-2013-2014-economic-activities-thematic-report.pdf,
75,pdf,eicv-2013-2014-education-thematic-report.pdf,eicv-2013-2014-education-thematic-report.pdf,https://microdata.statistics.gov.rw/index.php/catalog/75/download/719,eicv-2013-2014-education-thematic-report.pdf,
75,pdf,eicv-2013-2014-environment-thematic-report.pdf,eicv-2013-2014-environment-thematic-report.pdf,https://microdata.statistics.gov.rw/index.php/catalog/75/download/720,eicv-2013-2014-environment-thematic-report.pdf,
75,pdf,eicv-2013-2014-poverty-profile-report.pdf,eicv-2013-2014-poverty-profile-report.pdf,https://microdata.statistics.gov.rw/index.php/catalog/75/download/721,eicv-2013-2014-poverty-profile-report.pdf,
75,pdf,eicv-2013-2014-poverty-trend-analysis-report.pdf,eicv-2013-2014-poverty-trend-analysis-report.pdf,https://microdata.statistics.gov.rw/index.php/catalog/75/download/722,eicv-2013-2014-poverty-trend-analysis-report.pdf,
75,pdf,eicv-2013-2014-gender-thematic-report.pdf,eicv-2013-2014-gender-thematic-report.pdf,https://microdata.statistics.gov.rw/index.php/catalog/75/download/723,eicv-2013-2014-gender-thematic-report.pdf,
75,pdf,eicv-2013-2014-utilities-and-amenities-thematic-report.pdf,eicv-2013-2014-utilities-and-amenities-thematic-report.pdf,https://microdata.statistics.gov.rw/index.php/catalog/75/download/724,eicv-2013-2014-utilities-and-amenities-thematic-report.pdf,
75,pdf,eicv-2013-2014-youth-thematic-report.pdf,eicv-2013-2014-youth-thematic-report.pdf,https://microdata.statistics.gov.rw/index.php/catalog/75/download/725,eicv-2013-2014-youth-thematic-report.pdf,
75,doc,eicv-2013-2014-controller-manual.doc,eicv-2013-2014-controller-manual.doc,https://microdata.statistics.gov.rw/index.php/catalog/75/download/729,eicv-2013-2014-controller-manual.doc,
75,doc,eicv-2013-2014-enumerator-manual.doc,eicv-2013-2014-enumerator-manual.doc,https://microdata.statistics.gov.rw/index.php/catalog/75/download/730,eicv-2013-2014-enumerator-manual.doc,
75,doc,eicv-2013-2014-controller-report-form.doc,eicv-2013-2014-controller-report-form.doc,https://microdata.statistics.gov.rw/index.php/catalog/75/download/731,eicv-2013-2014-controller-report-form.doc,
75,doc,eicv-2013-2014-hh-sample-in-Panel-cluster.doc,eicv-2013-2014-hh-sample-in-Panel-cluster.doc,https://microdata.statistics.gov.rw/index.php/catalog/75/download/732,eicv-2013-2014-hh-sample-in-Panel-cluster.doc,
75,doc,eicv-2013-2014-listing-forms.doc,eicv-2013-2014-listing-forms.doc,https://microdata.statistics.gov.rw/index.php/catalog/75/download/733,eicv-2013-2014-listing-forms.doc,
75,doc,eicv-2013-2014-listing-manual.doc,eicv-2013-2014-listing-manual.doc,https://microdata.statistics.gov.rw/index.php/catalog/75/download/734,eicv-2013-2014-listing-manual.doc,
75,doc,eicv-2013-2014-panel-forms- _ PLS2 -PLS3 and PLS4.doc,eicv-2013-2014-panel-forms- _ PLS2 -PLS3 and PLS4.doc,https://microdata.statistics.gov.rw/index.php/catalog/75/download/735,eicv-2013-2014-panel-forms- _ PLS2 -PLS3 and PLS4.doc,
75,doc,eicv-2013-2014-selecting forms.doc,eicv-2013-2014-selecting forms.doc,https://microdata.statistics.gov.rw/index.php/catalog/75/download/736,eicv-2013-2014-selecting forms.doc,
73,doc,q-eicv-2013-2014-questionnaire-part-B-kiny.doc,q-eicv-2013-2014-questionnaire-part-B-kiny.doc,https://microdata.statistics.gov.rw/index.php/catalog/73/download/698,q-eicv-2013-2014-questionnaire-part-B-kiny.doc,
73,doc,q-eicv-2013-2014-questionnaire-part-A-kiny.doc,q-eicv-2013-2014-questionnaire-part-A-kiny.doc,https://microdata.statistics.gov.rw/index.php/catalog/73/download/699,q-eicv-2013-2014-questionnaire-part-A-kiny.doc,
73,doc,q-eicv-2013-2014-qustionnaire-eng.doc,q-eicv-2013-2014-qustionnaire-eng.doc,https://microdata.statistics.gov.rw/index.php/catalog/73/download/700,q-eicv-2013-2014-qustionnaire-eng.doc,
73,pdf,eicv-2013-2014-social-protection-thematic-report.pdf,eicv-2013-2014-social-protection-thematic-report.pdf,https://microdata.statistics.gov.rw/index.php/catalog/73/download/685,eicv-2013-2014-social-protection-thematic-report.pdf,
73,doc,eicv-2013-2014-controller-report-form.doc,eicv-2013-2014-controller-report-form.doc,https://microdata.statistics.gov.rw/index.php/catalog/73/download/670,eicv-2013-2014-controller-report-form.doc,
73,doc,eicv-2013-2014-selecting forms.doc,eicv-2013-2014-selecting forms.doc,https://microdata.statistics.gov.rw/index.php/catalog/73/download/677,eicv-2013-2014-selecting forms.doc,
73,doc,eicv-2013-2014-panel-forms- _ PLS2 -PLS3 and PLS4.doc,eicv-2013-2014-panel-forms- _ PLS2 -PLS3 and PLS4.doc,https://microdata.statistics.gov.rw/index.php/catalog/73/download/678,eicv-2013-2014-panel-forms- _ PLS2 -PLS3 and PLS4.doc,
73,doc,eicv-2013-2014-hh-sample-in-Panel-cluster.doc,eicv-2013-2014-hh-sample-in-Panel-cluster.doc,https://microdata.statistics.gov.rw/index.php/catalog/73/download/680,eicv-2013-2014-hh-sample-in-Panel-cluster.doc,
73,doc,eicv-2013-2014-controller-report-form.doc,eicv-2013-2014-controller-report-form.doc,https://microdata.statistics.gov.rw/index.php/catalog/73/download/682,eicv-2013-2014-controller-report-form.doc,
73,doc,eicv-2013-2014-listing-manual.doc,eicv-2013-2014-listing-manual.doc,https://microdata.statistics.gov.rw/index.php/catalog/73/download/691,eicv-2013-2014-listing-manual.doc,
73,doc,eicv-2013-2014-listing-forms.doc,eicv-2013-2014-listing-forms.doc,https://microdata.statistics.gov.rw/index.php/catalog/73/download/693,eicv-2013-2014-listing-forms.doc,
73,doc,eicv-2013-2014-controller-report-form.doc,eicv-2013-2014-controller-report-form.doc,https://microdata.statistics.gov.rw/index.php/catalog/73/download/694,eicv-2013-2014-controller-report-form.doc,
73,doc,eicv-2013-2014-enumerator-manual.doc,eicv-2013-2014-enumerator-manual.doc,https://microdata.statistics.gov.rw/index.php/catalog/73/download/695,eicv-2013-2014-enumerator-manual.doc,
73,doc,eicv-2013-2014-controller-manual.doc,eicv-2013-2014-controller-manual.doc,https://microdata.statistics.gov.rw/index.php/catalog/73/download/696,eicv-2013-2014-controller-manual.doc,
82,doc,q-eicv5-eng.doc,q-eicv5-eng.doc,https://microdata.statistics.gov.rw/index.php/catalog/82/download/793,q-eicv5-eng.doc,
82,pdf,rwa-nisr-eicv5-main-indicator-report-2016-2017.pdf,rwa-nisr-eicv5-main-indicator-report-2016-2017.pdf,https://microdata.statistics.gov.rw/index.php/catalog/82/download/788,rwa-nisr-eicv5-main-indicator-report-2016-2017.pdf,
82,pdf,rwa-nisr-eicv5-poverty-profile-report-2016-2017.pdf,rwa-nisr-eicv5-poverty-profile-report-2016-2017.pdf,https://microdata.statistics.gov.rw/index.php/catalog/82/download/789,rwa-nisr-eicv5-poverty-profile-report-2016-2017.pdf,
82,doc,rwa-nisr-eicv5-enumerator-instruction-manual.doc,rwa-nisr-eicv5-enumerator-instruction-manual.doc,https://microdata.statistics.gov.rw/index.php/catalog/82/download/791,rwa-nisr-eicv5-enumerator-instruction-manual.doc,
82,doc,rwa-nisr-eicv5-listing-manual.doc,rwa-nisr-eicv5-listing-manual.doc,https://microdata.statistics.gov.rw/index.php/catalog/82/download/792,rwa-nisr-eicv5-listing-manual.doc,
85,doc,q-eicv5-eng.doc,q-eicv5-eng.doc,https://microdata.statistics.gov.rw/index.php/catalog/85/download/803,q-eicv5-eng.doc,
85,pdf,rwa-nisr-eicv-2016-2017-VUP.pdf,rwa-nisr-eicv-2016-2017-VUP.pdf,https://microdata.statistics.gov.rw/index.php/catalog/85/download/802,rwa-nisr-eicv-2016-2017-VUP.pdf,
85,doc,rwa-nisr-eicv5-enumerator-instruction-manual.doc,rwa-nisr-eicv5-enumerator-instruction-manual.doc,https://microdata.statistics.gov.rw/index.php/catalog/85/download/804,rwa-nisr-eicv5-enumerator-instruction-manual.doc,
119,pdf,EICV7_Final_Questionnaire_English.pdf,EICV7_Final_Questionnaire_English.pdf,https://microdata.statistics.gov.rw/index.php/catalog/119/download/1080,EICV7_Final_Questionnaire_English.pdf,
119,pdf,EICV7 _Instruction Manual_Final.pdf,EICV7 _Instruction Manual_Final.pdf,https://microdata.statistics.gov.rw/index.php/catalog/119/download/1082,EICV7 _Instruction Manual_Final.pdf,
119,pdf,ddi-documentation-english-119.pdf,ddi-documentation-english-119.pdf,https://microdata.statistics.gov.rw/index.php/catalog/119/download/1084,ddi-documentation-english-119.pdf,
121,pdf,EICV7_Final_Questionnaire_English.pdf,EICV7_Final_Questionnaire_English.pdf,https://microdata.statistics.gov.rw/index.php/catalog/121/download/1096,EICV7_Final_Questionnaire_English.pdf,
121,pdf,EICV7_VUP_Thematic_Report__0.pdf,EICV7_VUP_Thematic_Report__0.pdf,https://microdata.statistics.gov.rw/index.php/catalog/121/download/1095,EICV7_VUP_Thematic_Report__0.pdf,
27,pdf,Questionnaire EICV1.pdf,Questionnaire EICV1.pdf,https://microdata.statistics.gov.rw/index.php/catalog/27/download/103,Questionnaire EICV1.pdf,
27,pdf,Eicv_2001_Final_Report_0.pdf,Eicv_2001_Final_Report_0.pdf,https://microdata.statistics.gov.rw/index.php/catalog/27/download/104,Eicv_2001_Final_Report_0.pdf,
39,pdf,rwa_eicv_2005_questionnaire.pdf,rwa_eicv_2005_questionnaire.pdf,https://microdata.statistics.gov.rw/index.php/catalog/39/download/227,rwa_eicv_2005_questionnaire.pdf,
39,pdf,rwa_eicv_2005_questionnaire_communautaire.pdf,rwa_eicv_2005_questionnaire_communautaire.pdf,https://microdata.statistics.gov.rw/index.php/catalog/39/download/228,rwa_eicv_2005_questionnaire_communautaire.pdf,
39,pdf,final_data_processing.pdf,final_data_processing.pdf,https://microdata.statistics.gov.rw/index.php/catalog/39/download/212,final_data_processing.pdf,
39,pdf,Master Report.pdf,Master Report.pdf,https://microdata.statistics.gov.rw/index.php/catalog/39/download/221,Master Report.pdf,
39,pdf,EICV2 review mission report.pdf,EICV2 review mission report.pdf,https://microdata.statistics.gov.rw/index.php/catalog/39/download/226,EICV2 review mission report.pdf,
39,pdf,Samples Megill Mission 1.pdf,Samples Megill Mission 1.pdf,https://microdata.statistics.gov.rw/index.php/catalog/39/download/215,Samples Megill Mission 1.pdf,
39,xls,EICV2_Ponderation_Final.xls,EICV2_Ponderation_Final.xls,https://microdata.statistics.gov.rw/index.php/catalog/39/download/216,EICV2_Ponderation_Final.xls,
39,pdf,Annex_conf_int_test_hypothesis.pdf,Annex_conf_int_test_hypothesis.pdf,https://microdata.statistics.gov.rw/index.php/catalog/39/download/217,Annex_conf_int_test_hypothesis.pdf,
39,zip,data_entry_apps.zip,data_entry_apps.zip,https://microdata.statistics.gov.rw/index.php/catalog/39/download/209,data_entry_apps.zip,
39,pdf,fr_entry.pdf,fr_entry.pdf,https://microdata.statistics.gov.rw/index.php/catalog/39/download/210,fr_entry.pdf,
39,pdf,fr_superv.pdf,fr_superv.pdf,https://microdata.statistics.gov.rw/index.php/catalog/39/download/211,fr_superv.pdf,
39,pdf,rwanda_poverty_analysis_methodological_note_first_draft.pdf,rwanda_poverty_analysis_methodological_note_first_draft.pdf,https://microdata.statistics.gov.rw/index.php/catalog/39/download/220,rwanda_poverty_analysis_methodological_note_first_draft.pdf,
39,zip,EICV1 JobStatus_Subsistence1.zip,EICV1 JobStatus_Subsistence1.zip,https://microdata.statistics.gov.rw/index.php/catalog/39/download/222,EICV1 JobStatus_Subsistence1.zip,
39,zip,eicv social sector analysis.zip,eicv social sector analysis.zip,https://microdata.statistics.gov.rw/index.php/catalog/39/download/223,eicv social sector analysis.zip,
39,pdf,JM_Rwa1.pdf,JM_Rwa1.pdf,https://microdata.statistics.gov.rw/index.php/catalog/39/download/229,JM_Rwa1.pdf,
39,pdf,MMT_Survey_report.pdf,MMT_Survey_report.pdf,https://microdata.statistics.gov.rw/index.php/catalog/39/download/230,MMT_Survey_report.pdf,
39,file,ZDEICVII.emf,ZDEICVII.emf,https://microdata.statistics.gov.rw/index.php/catalog/39/download/231,ZDEICVII.emf,generic_resource_type
36,zip,EICV3 Questionnaire English.zip,EICV3 Questionnaire English.zip,https://microdata.statistics.gov.rw/index.php/catalog/36/download/202,EICV3 Questionnaire English.zip,
36,zip,EICV3 Questionnaire Kinyarwanda.zip,EICV3 Questionnaire Kinyarwanda.zip,https://microdata.statistics.gov.rw/index.php/catalog/36/download/203,EICV3 Questionnaire Kinyarwanda.zip,
36,pdf,EICV3 Main Report.pdf,EICV3 Main Report.pdf,https://microdata.statistics.gov.rw/index.php/catalog/36/download/204,EICV3 Main Report.pdf,
36,pdf,EICV3 Poverty Report.pdf,EICV3 Poverty Report.pdf,https://microdata.statistics.gov.rw/index.php/catalog/36/download/205,EICV3 Poverty Report.pdf,
36,zip,EICV3 Thematic Reports.zip,EICV3 Thematic Reports.zip,https://microdata.statistics.gov.rw/index.php/catalog/36/download/206,EICV3 Thematic Reports.zip,
74,doc,q-eicv-2013-2014-qustionnaire-eng.doc,q-eicv-2013-2014-qustionnaire-eng.doc,https://microdata.statistics.gov.rw/index.php/catalog/74/download/704,q-eicv-2013-2014-qustionnaire-eng.doc,
74,doc,q-eicv-2013-2014-questionnaire-part-A-kiny.doc,q-eicv-2013-2014-questionnaire-part-A-kiny.doc,https://microdata.statistics.gov.rw/index.php/catalog/74/download/705,q-eicv-2013-2014-questionnaire-part-A-kiny.doc,
74,doc,q-eicv-2013-2014-questionnaire-part-B-kiny.doc,q-eicv-2013-2014-questionnaire-part-B-kiny.doc,https://microdata.statistics.gov.rw/index.php/catalog/74/download/706,q-eicv-2013-2014-questionnaire-part-B-kiny.doc,
74,pdf,eicv-2013-2014-poverty-trend-analysis-report.pdf,eicv-2013-2014-poverty-trend-analysis-report.pdf,https://microdata.statistics.gov.rw/index.php/catalog/74/download/703,eicv-2013-2014-poverty-trend-analysis-report.pdf,
74,doc,eicv-2013-2014-selecting forms.doc,eicv-2013-2014-selecting forms.doc,https://microdata.statistics.gov.rw/index.php/catalog/74/download/707,eicv-2013-2014-selecting forms.doc,
74,doc,eicv-2013-2014-panel-forms- _ PLS2 -PLS3 and PLS4.doc,eicv-2013-2014-panel-forms- _ PLS2 -PLS3 and PLS4.doc,https://microdata.statistics.gov.rw/index.php/catalog/74/download/708,eicv-2013-2014-panel-forms- _ PLS2 -PLS3 and PLS4.doc,
74,doc,eicv-2013-2014-listing-manual.doc,eicv-2013-2014-listing-manual.doc,https://microdata.statistics.gov.rw/index.php/catalog/74/download/709,eicv-2013-2014-listing-manual.doc,
74,doc,eicv-2013-2014-listing-forms.doc,eicv-2013-2014-listing-forms.doc,https://microdata.statistics.gov.rw/index.php/catalog/74/download/710,eicv-2013-2014-listing-forms.doc,
74,doc,eicv-2013-2014-hh-sample-in-Panel-cluster.doc,eicv-2013-2014-hh-sample-in-Panel-cluster.doc,https://microdata.statistics.gov.rw/index.php/catalog/74/download/711,eicv-2013-2014-hh-sample-in-Panel-cluster.doc,
74,doc,eicv-2013-2014-controller-report-form.doc,eicv-2013-2014-controller-report-form.doc,https://microdata.statistics.gov.rw/index.php/catalog/74/download/712,eicv-2013-2014-controller-report-form.doc,
74,doc,eicv-2013-2014-enumerator-manual.doc,eicv-2013-2014-enumerator-manual.doc,https://microdata.statistics.gov.rw/index.php/catalog/74/download/713,eicv-2013-2014-enumerator-manual.doc,
74,doc,eicv-2013-2014-controller-manual.doc,eicv-2013-2014-controller-manual.doc,https://microdata.statistics.gov.rw/index.php/catalog/74/download/714,eicv-2013-2014-controller-manual.doc,
46,pdf,RWA_1978_PHC_Questionnaire_FR.pdf,RWA_1978_PHC_Questionnaire_FR.pdf,https://microdata.statistics.gov.rw/index.php/catalog/46/download/236,RWA_1978_PHC_Questionnaire_FR.pdf,
44,zip,questionnaires.zip,questionnaires.zip,https://microdata.statistics.gov.rw/index.php/catalog/44/download/237,questionnaires.zip,
44,zip,technical notes.zip,technical notes.zip,https://microdata.statistics.gov.rw/index.php/catalog/44/download/238,technical notes.zip,
98,pdf,DHS7-Household-QRE-EN.pdf,DHS7-Household-QRE-EN.pdf,https://microdata.statistics.gov.rw/index.php/catalog/98/download/889,DHS7-Household-QRE-EN.pdf,
98,pdf,DHS7-Mans-QRE-EN-Rwanda.pdf,DHS7-Mans-QRE-EN-Rwanda.pdf,https://microdata.statistics.gov.rw/index.php/catalog/98/download/890,DHS7-Mans-QRE-EN-Rwanda.pdf,
98,pdf,DHS7-Womans-QRE-EN-Rwanda (1).pdf,DHS7-Womans-QRE-EN-Rwanda (1).pdf,https://microdata.statistics.gov.rw/index.php/catalog/98/download/891,DHS7-Womans-QRE-EN-Rwanda (1).pdf,
98,pdf,RDHS_Biomarker_QRE (venous blood) 5 11 2019 (1).pdf,RDHS_Biomarker_QRE (venous blood) 5 11 2019 (1).pdf,https://microdata.statistics.gov.rw/index.php/catalog/98/download/892,RDHS_Biomarker_QRE (venous blood) 5 11 2019 (1).pdf,
98,pdf,RDHS_Biomarker_QRE_EN (capillary blood) 23 10 2019 (1).pdf,RDHS_Biomarker_QRE_EN (capillary blood) 23 10 2019 (1).pdf,https://microdata.statistics.gov.rw/index.php/catalog/98/download/893,RDHS_Biomarker_QRE_EN (capillary blood) 23 10 2019 (1).pdf,
98,pdf,Report of Rwanda Demographic and Health Survey (RDHS 2019-2020).pdf,Report of Rwanda Demographic and Health Survey (RDHS 2019-2020).pdf,https://microdata.statistics.gov.rw/index.php/catalog/98/download/895,Report of Rwanda Demographic and Health Survey (RDHS 2019-2020).pdf,
62,pdf,q-rec-2011-eng.pdf,q-rec-2011-eng.pdf,https://microdata.statistics.gov.rw/index.php/catalog/62/download/368,q-rec-2011-eng.pdf,
62,pdf,q-rec-2011-kiny.pdf,q-rec-2011-kiny.pdf,https://microdata.statistics.gov.rw/index.php/catalog/62/download/369,q-rec-2011-kiny.pdf,
62,pdf,rec-2011-final-report.pdf,rec-2011-final-report.pdf,https://microdata.statistics.gov.rw/index.php/catalog/62/download/365,rec-2011-final-report.pdf,
62,pdf,rec-2011-instruction-manual-kin.pdf,rec-2011-instruction-manual-kin.pdf,https://microdata.statistics.gov.rw/index.php/catalog/62/download/366,rec-2011-instruction-manual-kin.pdf,
62,pdf,rec-2011-listing-form.pdf,rec-2011-listing-form.pdf,https://microdata.statistics.gov.rw/index.php/catalog/62/download/370,rec-2011-listing-form.pdf,
62,pdf,rec-2011-district-weekly-progress-report-form.pdf,rec-2011-district-weekly-progress-report-form.pdf,https://microdata.statistics.gov.rw/index.php/catalog/62/download/371,rec-2011-district-weekly-progress-report-form.pdf,
62,pdf,rec-2011-provincial-weekly-progress-report-form.pdf,rec-2011-provincial-weekly-progress-report-form.pdf,https://microdata.statistics.gov.rw/index.php/catalog/62/download/372,rec-2011-provincial-weekly-progress-report-form.pdf,
62,pdf,rec-2011-isic-4-codes.pdf,rec-2011-isic-4-codes.pdf,https://microdata.statistics.gov.rw/index.php/catalog/62/download/367,rec-2011-isic-4-codes.pdf,
67,pdf,q-rec-2014-eng.pdf,q-rec-2014-eng.pdf,https://microdata.statistics.gov.rw/index.php/catalog/67/download/566,q-rec-2014-eng.pdf,
67,pdf,q-rec-2014-kin.pdf,q-rec-2014-kin.pdf,https://microdata.statistics.gov.rw/index.php/catalog/67/download/567,q-rec-2014-kin.pdf,
67,pdf,rec-2014-final-report-v1.pdf,rec-2014-final-report-v1.pdf,https://microdata.statistics.gov.rw/index.php/catalog/67/download/576,rec-2014-final-report-v1.pdf,
67,pdf,rec-2014-activities-plan.pdf,rec-2014-activities-plan.pdf,https://microdata.statistics.gov.rw/index.php/catalog/67/download/562,rec-2014-activities-plan.pdf,
67,pdf,rec-2014-listing-form.pdf,rec-2014-listing-form.pdf,https://microdata.statistics.gov.rw/index.php/catalog/67/download/563,rec-2014-listing-form.pdf,
67,pdf,rec-2014-instruction-manual-kin.pdf,rec-2014-instruction-manual-kin.pdf,https://microdata.statistics.gov.rw/index.php/catalog/67/download/564,rec-2014-instruction-manual-kin.pdf,
67,pdf,rec-2014-project-document.pdf,rec-2014-project-document.pdf,https://microdata.statistics.gov.rw/index.php/catalog/67/download/565,rec-2014-project-document.pdf,
67,pdf,rec-2014-provincial-weekly-progress-report-form.pdf,rec-2014-provincial-weekly-progress-report-form.pdf,https://microdata.statistics.gov.rw/index.php/catalog/67/download/568,rec-2014-provincial-weekly-progress-report-form.pdf,
67,pdf,rec-2014-district-weekly-progress-report-form.pdf,rec-2014-district-weekly-progress-report-form.pdf,https://microdata.statistics.gov.rw/index.php/catalog/67/download/569,rec-2014-district-weekly-progress-report-form.pdf,
67,pdf,rec-2014-zone-weekly-progress-report-form.pdf,rec-2014-zone-weekly-progress-report-form.pdf,https://microdata.statistics.gov.rw/index.php/catalog/67/download/570,rec-2014-zone-weekly-progress-report-form.pdf,
67,pdf,rec-2014-enumerator-weekly-progress-report-form.pdf,rec-2014-enumerator-weekly-progress-report-form.pdf,https://microdata.statistics.gov.rw/index.php/catalog/67/download/571,rec-2014-enumerator-weekly-progress-report-form.pdf,
67,pdf,rec-2014-enumerator-daily-progress-report-form.pdf,rec-2014-enumerator-daily-progress-report-form.pdf,https://microdata.statistics.gov.rw/index.php/catalog/67/download/572,rec-2014-enumerator-daily-progress-report-form.pdf,
67,pdf,rec-2014-enumerator-contract.pdf,rec-2014-enumerator-contract.pdf,https://microdata.statistics.gov.rw/index.php/catalog/67/download/574,rec-2014-enumerator-contract.pdf,
67,pdf,rec-2014-support-staff-contract.pdf,rec-2014-support-staff-contract.pdf,https://microdata.statistics.gov.rw/index.php/catalog/67/download/575,rec-2014-support-staff-contract.pdf,
67,pdf,rec-2014-team-leader-contract.pdf,rec-2014-team-leader-contract.pdf,https://microdata.statistics.gov.rw/index.php/catalog/67/download/573,rec-2014-team-leader-contract.pdf,
87,docx,q-rwa-nisr-ec-2017-eng.docx,q-rwa-nisr-ec-2017-eng.docx,https://microdata.statistics.gov.rw/index.php/catalog/87/download/813,q-rwa-nisr-ec-2017-eng.docx,
87,docx,q-rwa-nisr-ec-2017-Kiny.docx,q-rwa-nisr-ec-2017-Kiny.docx,https://microdata.statistics.gov.rw/index.php/catalog/87/download/814,q-rwa-nisr-ec-2017-Kiny.docx,
87,pdf,rwa-nisr-ec-2017-report-eng.pdf,rwa-nisr-ec-2017-report-eng.pdf,https://microdata.statistics.gov.rw/index.php/catalog/87/download/812,rwa-nisr-ec-2017-report-eng.pdf,
87,docx,rwa-nisr-ec-2017-listing.docx,rwa-nisr-ec-2017-listing.docx,https://microdata.statistics.gov.rw/index.php/catalog/87/download/815,rwa-nisr-ec-2017-listing.docx,
94,pdf,Establishment Census 2020 Questionnaire_Kinyarwanda.pdf,Establishment Census 2020 Questionnaire_Kinyarwanda.pdf,https://microdata.statistics.gov.rw/index.php/catalog/94/download/870,Establishment Census 2020 Questionnaire_Kinyarwanda.pdf,
94,pdf,Establishment Census 2020 Questionnaire in English.pdf,Establishment Census 2020 Questionnaire in English.pdf,https://microdata.statistics.gov.rw/index.php/catalog/94/download/871,Establishment Census 2020 Questionnaire in English.pdf,
94,pdf,2020 Establishment Census Final Report.pdf,2020 Establishment Census Final Report.pdf,https://microdata.statistics.gov.rw/index.php/catalog/94/download/872,2020 Establishment Census Final Report.pdf,
112,pdf,Establishment Census 2023 Questionnaire_Kinyarwanda_version.pdf,Establishment Census 2023 Questionnaire_Kinyarwanda_version.pdf,https://microdata.statistics.gov.rw/index.php/catalog/112/download/1043,Establishment Census 2023 Questionnaire_Kinyarwanda_version.pdf,
112,pdf,Establishment Census 2023 Questionnaire_English_version.pdf,Establishment Census 2023 Questionnaire_English_version.pdf,https://microdata.statistics.gov.rw/index.php/catalog/112/download/1044,Establishment Census 2023 Questionnaire_English_version.pdf,
89,pdf,Q-rfs-2020-Eng.pdf,Q-rfs-2020-Eng.pdf,https://microdata.statistics.gov.rw/index.php/catalog/89/download/834,Q-rfs-2020-Eng.pdf,
89,pdf,Q-rfs-2020-kiny.pdf,Q-rfs-2020-kiny.pdf,https://microdata.statistics.gov.rw/index.php/catalog/89/download/835,Q-rfs-2020-kiny.pdf,
89,pdf,brief-report-rfs-2020-eng-v1.pdf,brief-report-rfs-2020-eng-v1.pdf,https://microdata.statistics.gov.rw/index.php/catalog/89/download/831,brief-report-rfs-2020-eng-v1.pdf,
89,pdf,final-report-rfs-2020-eng-v1.pdf,final-report-rfs-2020-eng-v1.pdf,https://microdata.statistics.gov.rw/index.php/catalog/89/download/832,final-report-rfs-2020-eng-v1.pdf,
89,pdf,Methods-rfs-2020-eng.pdf,Methods-rfs-2020-eng.pdf,https://microdata.statistics.gov.rw/index.php/catalog/89/download/833,Methods-rfs-2020-eng.pdf,
57,pdf,q-rfs-2012-questionnaire-eng.pdf,q-rfs-2012-questionnaire-eng.pdf,https://microdata.statistics.gov.rw/index.php/catalog/57/download/320,q-rfs-2012-questionnaire-eng.pdf,
57,pdf,rfs-2012-final-Report.pdf,rfs-2012-final-Report.pdf,https://microdata.statistics.gov.rw/index.php/catalog/57/download/323,rfs-2012-final-Report.pdf,
57,pdf,rfs-2013-technical-report.pdf,rfs-2013-technical-report.pdf,https://microdata.statistics.gov.rw/index.php/catalog/57/download/324,rfs-2013-technical-report.pdf,
57,pdf,fs-2012-sampling-and-methodology.pdf,fs-2012-sampling-and-methodology.pdf,https://microdata.statistics.gov.rw/index.php/catalog/57/download/321,fs-2012-sampling-and-methodology.pdf,
57,pdf,rfs-2012-presentation-stakeholders-workshop.pdf,rfs-2012-presentation-stakeholders-workshop.pdf,https://microdata.statistics.gov.rw/index.php/catalog/57/download/322,rfs-2012-presentation-stakeholders-workshop.pdf,
57,pdf,rfs-2008-key-findings.pdf,rfs-2008-key-findings.pdf,https://microdata.statistics.gov.rw/index.php/catalog/57/download/325,rfs-2008-key-findings.pdf,
71,docx,q-finscope-2015-questionnaire-eng.docx,q-finscope-2015-questionnaire-eng.docx,https://microdata.statistics.gov.rw/index.php/catalog/71/download/637,q-finscope-2015-questionnaire-eng.docx,
71,docx,q-finscope-2015-questionnaire-kiny.docx,q-finscope-2015-questionnaire-kiny.docx,https://microdata.statistics.gov.rw/index.php/catalog/71/download/638,q-finscope-2015-questionnaire-kiny.docx,
71,pdf,finscope-2016-final-report-eng.pdf,finscope-2016-final-report-eng.pdf,https://microdata.statistics.gov.rw/index.php/catalog/71/download/635,finscope-2016-final-report-eng.pdf,
71,docx,finscope-2016-detailed-methodology-eng.docx,finscope-2016-detailed-methodology-eng.docx,https://microdata.statistics.gov.rw/index.php/catalog/71/download/636,finscope-2016-detailed-methodology-eng.docx,
13,pdf,Questionnaire_DHS 2008.pdf,Questionnaire_DHS 2008.pdf,https://microdata.statistics.gov.rw/index.php/catalog/13/download/55,Questionnaire_DHS 2008.pdf,
13,pdf,DHS_Interim Report_2007.pdf,DHS_Interim Report_2007.pdf,https://microdata.statistics.gov.rw/index.php/catalog/13/download/54,DHS_Interim Report_2007.pdf,
81,xls,q-lfs-2017-eng.xls,q-lfs-2017-eng.xls,https://microdata.statistics.gov.rw/index.php/catalog/81/download/784,q-lfs-2017-eng.xls,
81,pdf,rwa-nisr-lfs-August 2017-report.pdf,rwa-nisr-lfs-August 2017-report.pdf,https://microdata.statistics.gov.rw/index.php/catalog/81/download/782,rwa-nisr-lfs-August 2017-report.pdf,
81,pdf,rwa-nisr-lfs-Feb -2017-report.pdf,rwa-nisr-lfs-Feb -2017-report.pdf,https://microdata.statistics.gov.rw/index.php/catalog/81/download/785,rwa-nisr-lfs-Feb -2017-report.pdf,
81,doc,rwa-nisr-lfs-interviewer-manual-Aug 2017.doc,rwa-nisr-lfs-interviewer-manual-Aug 2017.doc,https://microdata.statistics.gov.rw/index.php/catalog/81/download/787,rwa-nisr-lfs-interviewer-manual-Aug 2017.doc,
100,xls,RLFS QUESTIONNAIRE_ English _quartely_final.xls,RLFS QUESTIONNAIRE_ English _quartely_final.xls,https://microdata.statistics.gov.rw/index.php/catalog/100/download/903,RLFS QUESTIONNAIRE_ English _quartely_final.xls,
100,pdf,RLFS_ANNUAL REPORT_2021.pdf,RLFS_ANNUAL REPORT_2021.pdf,https://microdata.statistics.gov.rw/index.php/catalog/100/download/902,RLFS_ANNUAL REPORT_2021.pdf,
100,pdf,Methodology and data Quality.pdf,Methodology and data Quality.pdf,https://microdata.statistics.gov.rw/index.php/catalog/100/download/904,Methodology and data Quality.pdf,
104,xls,RLFS QUESTIONNAIRE.xls,RLFS QUESTIONNAIRE.xls,https://microdata.statistics.gov.rw/index.php/catalog/104/download/929,RLFS QUESTIONNAIRE.xls,
104,pdf,RLFS Annual Final report_2022.pdf,RLFS Annual Final report_2022.pdf,https://microdata.statistics.gov.rw/index.php/catalog/104/download/927,RLFS Annual Final report_2022.pdf,
104,xlsx,Variables_description_RW_LFS2022.xlsx,Variables_description_RW_LFS2022.xlsx,https://microdata.statistics.gov.rw/index.php/catalog/104/download/1033,Variables_description_RW_LFS2022.xlsx,
110,xls,RLFS QUESTIONNAIRE.xls,RLFS QUESTIONNAIRE.xls,https://microdata.statistics.gov.rw/index.php/catalog/110/download/1036,RLFS QUESTIONNAIRE.xls,
114,pdf,RWLFS-Questionnaire_English_web.pdf,RWLFS-Questionnaire_English_web.pdf,https://microdata.statistics.gov.rw/index.php/catalog/114/download/1055,RWLFS-Questionnaire_English_web.pdf,
83,pdf,q-rwa-nisr-lfs-2018-eng.pdf,q-rwa-nisr-lfs-2018-eng.pdf,https://microdata.statistics.gov.rw/index.php/catalog/83/download/797,q-rwa-nisr-lfs-2018-eng.pdf,
83,pdf,rwa-nisr-lfs-2018-final-report-eng.pdf,rwa-nisr-lfs-2018-final-report-eng.pdf,https://microdata.statistics.gov.rw/index.php/catalog/83/download/796,rwa-nisr-lfs-2018-final-report-eng.pdf,
92,pdf,RLFS QUESTIONNAIRE_ English.pdf,RLFS QUESTIONNAIRE_ English.pdf,https://microdata.statistics.gov.rw/index.php/catalog/92/download/859,RLFS QUESTIONNAIRE_ English.pdf,
92,pdf,RLFS Annual Final report_2019 (1).pdf,RLFS Annual Final report_2019 (1).pdf,https://microdata.statistics.gov.rw/index.php/catalog/92/download/862,RLFS Annual Final report_2019 (1).pdf,
92,pdf,Interviewer manual in Kinya_2019- final.pdf,Interviewer manual in Kinya_2019- final.pdf,https://microdata.statistics.gov.rw/index.php/catalog/92/download/860,Interviewer manual in Kinya_2019- final.pdf,
97,pdf,RLFS QUESTIONNAIRE_ English.pdf,RLFS QUESTIONNAIRE_ English.pdf,https://microdata.statistics.gov.rw/index.php/catalog/97/download/882,RLFS QUESTIONNAIRE_ English.pdf,
97,pdf,Labour Force Survey Annual Report 2020.pdf,Labour Force Survey Annual Report 2020.pdf,https://microdata.statistics.gov.rw/index.php/catalog/97/download/880,Labour Force Survey Annual Report 2020.pdf,
97,pdf,Interviewer manual in Kinya_2020- final.pdf,Interviewer manual in Kinya_2020- final.pdf,https://microdata.statistics.gov.rw/index.php/catalog/97/download/879,Interviewer manual in Kinya_2020- final.pdf,
21,pdf,Revised Questionnaire Combined English.pdf,Revised Questionnaire Combined English.pdf,https://microdata.statistics.gov.rw/index.php/catalog/21/download/86,Revised Questionnaire Combined English.pdf,
21,pdf,Rwanda_child_labour_report_english_NISR.pdf,Rwanda_child_labour_report_english_NISR.pdf,https://microdata.statistics.gov.rw/index.php/catalog/21/download/85,Rwanda_child_labour_report_english_NISR.pdf,
21,pdf,Code_District_Secteurs.pdf,Code_District_Secteurs.pdf,https://microdata.statistics.gov.rw/index.php/catalog/21/download/88,Code_District_Secteurs.pdf,
21,pdf,Final tabulation plan child labour.pdf,Final tabulation plan child labour.pdf,https://microdata.statistics.gov.rw/index.php/catalog/21/download/87,Final tabulation plan child labour.pdf,
48,pdf,q-rnms-2011-2012-education institutions.pdf,q-rnms-2011-2012-education institutions.pdf,https://microdata.statistics.gov.rw/index.php/catalog/48/download/271,q-rnms-2011-2012-education institutions.pdf,
48,pdf,q-rnms-2011-2012-employees-formal.pdf,q-rnms-2011-2012-employees-formal.pdf,https://microdata.statistics.gov.rw/index.php/catalog/48/download/272,q-rnms-2011-2012-employees-formal.pdf,
48,pdf,q-rnms-2011-2012-employees-informal.pdf,q-rnms-2011-2012-employees-informal.pdf,https://microdata.statistics.gov.rw/index.php/catalog/48/download/273,q-rnms-2011-2012-employees-informal.pdf,
48,pdf,q-rnms-2011-2012-employer-formal.pdf,q-rnms-2011-2012-employer-formal.pdf,https://microdata.statistics.gov.rw/index.php/catalog/48/download/274,q-rnms-2011-2012-employer-formal.pdf,
48,pdf,q-rnms-2011-2012-employer-informal.pdf,q-rnms-2011-2012-employer-informal.pdf,https://microdata.statistics.gov.rw/index.php/catalog/48/download/275,q-rnms-2011-2012-employer-informal.pdf,
48,pdf,rnms-2011-2012-final-report-volume-1.pdf,rnms-2011-2012-final-report-volume-1.pdf,https://microdata.statistics.gov.rw/index.php/catalog/48/download/277,rnms-2011-2012-final-report-volume-1.pdf,
48,pdf,rnms-2011-2012-final-report-volume-2.pdf,rnms-2011-2012-final-report-volume-2.pdf,https://microdata.statistics.gov.rw/index.php/catalog/48/download/278,rnms-2011-2012-final-report-volume-2.pdf,
48,pdf,rnms-2011-2012-metadata-report.pdf,rnms-2011-2012-metadata-report.pdf,https://microdata.statistics.gov.rw/index.php/catalog/48/download/281,rnms-2011-2012-metadata-report.pdf,
48,pdf,rnms-2011-2012-coding-manual.pdf,rnms-2011-2012-coding-manual.pdf,https://microdata.statistics.gov.rw/index.php/catalog/48/download/276,rnms-2011-2012-coding-manual.pdf,
65,pdf,q-rphc-2012-institution-eng-20120222.pdf,q-rphc-2012-institution-eng-20120222.pdf,https://microdata.statistics.gov.rw/index.php/catalog/65/download/504,q-rphc-2012-institution-eng-20120222.pdf,
65,pdf,q-rphc-2012-institution-kiny-20120314.pdf,q-rphc-2012-institution-kiny-20120314.pdf,https://microdata.statistics.gov.rw/index.php/catalog/65/download/505,q-rphc-2012-institution-kiny-20120314.pdf,
65,pdf,q-rphc-2012-hh-eng-20120221.pdf,q-rphc-2012-hh-eng-20120221.pdf,https://microdata.statistics.gov.rw/index.php/catalog/65/download/506,q-rphc-2012-hh-eng-20120221.pdf,
65,pdf,q-rphc-2012-hh-kiny-20120221.pdf,q-rphc-2012-hh-kiny-20120221.pdf,https://microdata.statistics.gov.rw/index.php/catalog/65/download/507,q-rphc-2012-hh-kiny-20120221.pdf,
65,pdf,rphc-2012-provisional-results.pdf,rphc-2012-provisional-results.pdf,https://microdata.statistics.gov.rw/index.php/catalog/65/download/508,rphc-2012-provisional-results.pdf,
65,pdf,rphc-2012-main-indicators-report.pdf,rphc-2012-main-indicators-report.pdf,https://microdata.statistics.gov.rw/index.php/catalog/65/download/509,rphc-2012-main-indicators-report.pdf,
65,pdf,rphc-2012-Population-Projections.pdf,rphc-2012-Population-Projections.pdf,https://microdata.statistics.gov.rw/index.php/catalog/65/download/510,rphc-2012-Population-Projections.pdf,
65,pdf,rphc-2012-data-quality-assessment.pdf,rphc-2012-data-quality-assessment.pdf,https://microdata.statistics.gov.rw/index.php/catalog/65/download/511,rphc-2012-data-quality-assessment.pdf,
65,pdf,rphc-2012-publication-tables.pdf,rphc-2012-publication-tables.pdf,https://microdata.statistics.gov.rw/index.php/catalog/65/download/512,rphc-2012-publication-tables.pdf,
65,pdf,rphc-2012- atlas.pdf,rphc-2012- atlas.pdf,https://microdata.statistics.gov.rw/index.php/catalog/65/download/513,rphc-2012- atlas.pdf,
65,pdf,rphc-2012-post-enumeration-survey.pdf,rphc-2012-post-enumeration-survey.pdf,https://microdata.statistics.gov.rw/index.php/catalog/65/download/514,rphc-2012-post-enumeration-survey.pdf,
65,pdf,rphc-2012-bronchure.pdf,rphc-2012-bronchure.pdf,https://microdata.statistics.gov.rw/index.php/catalog/65/download/515,rphc-2012-bronchure.pdf,
65,pdf,rphc-2012- population-size.pdf,rphc-2012- population-size.pdf,https://microdata.statistics.gov.rw/index.php/catalog/65/download/516,rphc-2012- population-size.pdf,
65,pdf,rphc-2012-disability.pdf,rphc-2012-disability.pdf,https://microdata.statistics.gov.rw/index.php/catalog/65/download/517,rphc-2012-disability.pdf,
65,pdf,rphc-2012-education.pdf,rphc-2012-education.pdf,https://microdata.statistics.gov.rw/index.php/catalog/65/download/518,rphc-2012-education.pdf,
65,pdf,rphc-2012-Elderly.pdf,rphc-2012-Elderly.pdf,https://microdata.statistics.gov.rw/index.php/catalog/65/download/519,rphc-2012-Elderly.pdf,
65,pdf,rphc-2012-fertility.pdf,rphc-2012-fertility.pdf,https://microdata.statistics.gov.rw/index.php/catalog/65/download/520,rphc-2012-fertility.pdf,
65,pdf,rphc-2012-gender.pdf,rphc-2012-gender.pdf,https://microdata.statistics.gov.rw/index.php/catalog/65/download/521,rphc-2012-gender.pdf,
65,pdf,rphc-2012-household-and-housing.pdf,rphc-2012-household-and-housing.pdf,https://microdata.statistics.gov.rw/index.php/catalog/65/download/522,rphc-2012-household-and-housing.pdf,
65,pdf,rphc-2012-labour-force.pdf,rphc-2012-labour-force.pdf,https://microdata.statistics.gov.rw/index.php/catalog/65/download/523,rphc-2012-labour-force.pdf,
65,pdf,rphc-2012-marital-status-and-nuptiality.pdf,rphc-2012-marital-status-and-nuptiality.pdf,https://microdata.statistics.gov.rw/index.php/catalog/65/download/524,rphc-2012-marital-status-and-nuptiality.pdf,
65,pdf,rphc-2012-measurement-and-mapping-of-non-monetary-poverty.pdf,rphc-2012-measurement-and-mapping-of-non-monetary-poverty.pdf,https://microdata.statistics.gov.rw/index.php/catalog/65/download/525,rphc-2012-measurement-and-mapping-of-non-monetary-poverty.pdf,
65,pdf,rphc-2012-migration.pdf,rphc-2012-migration.pdf,https://microdata.statistics.gov.rw/index.php/catalog/65/download/526,rphc-2012-migration.pdf,
65,pdf,rphc-2012-mortality.pdf,rphc-2012-mortality.pdf,https://microdata.statistics.gov.rw/index.php/catalog/65/download/527,rphc-2012-mortality.pdf,
65,pdf,rphc-2012-socio-economic-status-of-children.pdf,rphc-2012-socio-economic-status-of-children.pdf,https://microdata.statistics.gov.rw/index.php/catalog/65/download/528,rphc-2012-socio-economic-status-of-children.pdf,
65,pdf,rphc-2012-socio-economic-status-of-youth.pdf,rphc-2012-socio-economic-status-of-youth.pdf,https://microdata.statistics.gov.rw/index.php/catalog/65/download/529,rphc-2012-socio-economic-status-of-youth.pdf,
65,pdf,rphc-2012-socio-cultural-characteristics-of-the-population.pdf,rphc-2012-socio-cultural-characteristics-of-the-population.pdf,https://microdata.statistics.gov.rw/index.php/catalog/65/download/530,rphc-2012-socio-cultural-characteristics-of-the-population.pdf,
65,pdf,rhpc-2012-coding manual-20120410.pdf,rhpc-2012-coding manual-20120410.pdf,https://microdata.statistics.gov.rw/index.php/catalog/65/download/501,rhpc-2012-coding manual-20120410.pdf,
65,xls,rhpc-2012-isco-codes.xls,rhpc-2012-isco-codes.xls,https://microdata.statistics.gov.rw/index.php/catalog/65/download/502,rhpc-2012-isco-codes.xls,
65,pdf,rphc-2012-isic-kiny.pdf,rphc-2012-isic-kiny.pdf,https://microdata.statistics.gov.rw/index.php/catalog/65/download/503,rphc-2012-isic-kiny.pdf,
65,pdf,rhpc-2012-edit-specs-20120405.pdf,rhpc-2012-edit-specs-20120405.pdf,https://microdata.statistics.gov.rw/index.php/catalog/65/download/531,rhpc-2012-edit-specs-20120405.pdf,
65,pdf,rphc-2012-003-enumerators-manual-kiny.pdf,rphc-2012-003-enumerators-manual-kiny.pdf,https://microdata.statistics.gov.rw/index.php/catalog/65/download/533,rphc-2012-003-enumerators-manual-kiny.pdf,
65,pdf,rphc-2012-004-supervisors-manual-eng.pdf,rphc-2012-004-supervisors-manual-eng.pdf,https://microdata.statistics.gov.rw/index.php/catalog/65/download/534,rphc-2012-004-supervisors-manual-eng.pdf,
65,pdf,rphc-2012-004-supervisors-manual-kiny.pdf,rphc-2012-004-supervisors-manual-kiny.pdf,https://microdata.statistics.gov.rw/index.php/catalog/65/download/535,rphc-2012-004-supervisors-manual-kiny.pdf,
65,pdf,rphc-2012-006-sector-controllers-manual-kiny.pdf,rphc-2012-006-sector-controllers-manual-kiny.pdf,https://microdata.statistics.gov.rw/index.php/catalog/65/download/536,rphc-2012-006-sector-controllers-manual-kiny.pdf,
65,pdf,rphc-2012-007-zone-supervisors-manual-kiny.pdf,rphc-2012-007-zone-supervisors-manual-kiny.pdf,https://microdata.statistics.gov.rw/index.php/catalog/65/download/537,rphc-2012-007-zone-supervisors-manual-kiny.pdf,
65,pdf,rphc-2012-008-district-coordinators-manual-kiny.pdf,rphc-2012-008-district-coordinators-manual-kiny.pdf,https://microdata.statistics.gov.rw/index.php/catalog/65/download/538,rphc-2012-008-district-coordinators-manual-kiny.pdf,
65,pdf,rphc-2012-009-province-coordinators-manual-kiny.pdf,rphc-2012-009-province-coordinators-manual-kiny.pdf,https://microdata.statistics.gov.rw/index.php/catalog/65/download/539,rphc-2012-009-province-coordinators-manual-kiny.pdf,
65,pdf,rphc-2012-data-entry-manual-eng.pdf,rphc-2012-data-entry-manual-eng.pdf,https://microdata.statistics.gov.rw/index.php/catalog/65/download/540,rphc-2012-data-entry-manual-eng.pdf,
65,pdf,rphc-2012-description-of-the-public use sample-10% -data-file.pdf,rphc-2012-description-of-the-public use sample-10% -data-file.pdf,https://microdata.statistics.gov.rw/index.php/catalog/65/download/557,rphc-2012-description-of-the-public use sample-10% -data-file.pdf,
65,pdf,rphc-2012-call-back-revisit.pdf,rphc-2012-call-back-revisit.pdf,https://microdata.statistics.gov.rw/index.php/catalog/65/download/532,rphc-2012-call-back-revisit.pdf,
65,pdf,rphc-2012-census-campaign-billboards.pdf,rphc-2012-census-campaign-billboards.pdf,https://microdata.statistics.gov.rw/index.php/catalog/65/download/541,rphc-2012-census-campaign-billboards.pdf,
65,pdf,rphc-2012-census-campaign-banner.pdf,rphc-2012-census-campaign-banner.pdf,https://microdata.statistics.gov.rw/index.php/catalog/65/download/542,rphc-2012-census-campaign-banner.pdf,
65,pdf,rphc-2012-census-campaign- posters.pdf,rphc-2012-census-campaign- posters.pdf,https://microdata.statistics.gov.rw/index.php/catalog/65/download/543,rphc-2012-census-campaign- posters.pdf,
109,pdf,PHC2022_Institutional Questionnaire_English.pdf,PHC2022_Institutional Questionnaire_English.pdf,https://microdata.statistics.gov.rw/index.php/catalog/109/download/1027,PHC2022_Institutional Questionnaire_English.pdf,
109,pdf,PHC2022_Privave HH_Questionnaire_English.pdf,PHC2022_Privave HH_Questionnaire_English.pdf,https://microdata.statistics.gov.rw/index.php/catalog/109/download/1028,PHC2022_Privave HH_Questionnaire_English.pdf,
109,pdf,Listing_form_English version.pdf,Listing_form_English version.pdf,https://microdata.statistics.gov.rw/index.php/catalog/109/download/1026,Listing_form_English version.pdf,
109,pdf,1.PHC2022_Instruction_manual.pdf,1.PHC2022_Instruction_manual.pdf,https://microdata.statistics.gov.rw/index.php/catalog/109/download/1030,1.PHC2022_Instruction_manual.pdf,
109,pdf,Statement of the Public Use Sample of the 2022 census_1.pdf,Statement of the Public Use Sample of the 2022 census_1.pdf,https://microdata.statistics.gov.rw/index.php/catalog/109/download/1031,Statement of the Public Use Sample of the 2022 census_1.pdf,
61,pdf,PES_Ques_Eng.pdf,PES_Ques_Eng.pdf,https://microdata.statistics.gov.rw/index.php/catalog/61/download/354,PES_Ques_Eng.pdf,
61,pdf,PES_Ques_Kinya.pdf,PES_Ques_Kinya.pdf,https://microdata.statistics.gov.rw/index.php/catalog/61/download/355,PES_Ques_Kinya.pdf,
61,pdf,RPHC4_Post_Enumeration_Survey.pdf,RPHC4_Post_Enumeration_Survey.pdf,https://microdata.statistics.gov.rw/index.php/catalog/61/download/362,RPHC4_Post_Enumeration_Survey.pdf,
61,pdf,PES_form_Boundary listing_eng.pdf,PES_form_Boundary listing_eng.pdf,https://microdata.statistics.gov.rw/index.php/catalog/61/download/356,PES_form_Boundary listing_eng.pdf,
61,pdf,PES_form_Boundary listing_kiny.pdf,PES_form_Boundary listing_kiny.pdf,https://microdata.statistics.gov.rw/index.php/catalog/61/download/357,PES_form_Boundary listing_kiny.pdf,
61,pdf,PES_form_household listing_kinya.pdf,PES_form_household listing_kinya.pdf,https://microdata.statistics.gov.rw/index.php/catalog/61/download/358,PES_form_household listing_kinya.pdf,
61,pdf,PES_form_household listing_eng.pdf,PES_form_household listing_eng.pdf,https://microdata.statistics.gov.rw/index.php/catalog/61/download/359,PES_form_household listing_eng.pdf,
61,pdf,PES_form_Road listing _kinya.pdf,PES_form_Road listing _kinya.pdf,https://microdata.statistics.gov.rw/index.php/catalog/61/download/360,PES_form_Road listing _kinya.pdf,
61,pdf,PES_from_Road listing_eng.pdf,PES_from_Road listing_eng.pdf,https://microdata.statistics.gov.rw/index.php/catalog/61/download/361,PES_from_Road listing_eng.pdf,
61,pdf,PES_manual_agatabo k'amabwiriza y'umukarani w'ibarura_kinya.pdf,PES_manual_agatabo k'amabwiriza y'umukarani w'ibarura_kinya.pdf,https://microdata.statistics.gov.rw/index.php/catalog/61/download/363,PES_manual_agatabo k'amabwiriza y'umukarani w'ibarura_kinya.pdf,
61,pdf,PES_manual_MATCHING_eng.pdf,PES_manual_MATCHING_eng.pdf,https://microdata.statistics.gov.rw/index.php/catalog/61/download/364,PES_manual_MATCHING_eng.pdf,
93,pdf,Plot Questionnaire-Season 2019_English.pdf,Plot Questionnaire-Season 2019_English.pdf,https://microdata.statistics.gov.rw/index.php/catalog/93/download/866,Plot Questionnaire-Season 2019_English.pdf,
93,pdf,Screening Questionnaire-Season 2019_English.pdf,Screening Questionnaire-Season 2019_English.pdf,https://microdata.statistics.gov.rw/index.php/catalog/93/download/867,Screening Questionnaire-Season 2019_English.pdf,
93,pdf,SAS 2019_Annual report _published.pdf,SAS 2019_Annual report _published.pdf,https://microdata.statistics.gov.rw/index.php/catalog/93/download/863,SAS 2019_Annual report _published.pdf,
99,pdf,Plot Questionnaire 2020.pdf,Plot Questionnaire 2020.pdf,https://microdata.statistics.gov.rw/index.php/catalog/99/download/899,Plot Questionnaire 2020.pdf,
99,pdf,Screening Questionnaire 2020.pdf,Screening Questionnaire 2020.pdf,https://microdata.statistics.gov.rw/index.php/catalog/99/download/900,Screening Questionnaire 2020.pdf,
99,pdf,Final_USAS 2020_Annual_Report.pdf,Final_USAS 2020_Annual_Report.pdf,https://microdata.statistics.gov.rw/index.php/catalog/99/download/896,Final_USAS 2020_Annual_Report.pdf,
102,pdf,Plot Questionnaire 2021.pdf,Plot Questionnaire 2021.pdf,https://microdata.statistics.gov.rw/index.php/catalog/102/download/916,Plot Questionnaire 2021.pdf,
102,pdf,Screening questionnaire 2021.pdf,Screening questionnaire 2021.pdf,https://microdata.statistics.gov.rw/index.php/catalog/102/download/917,Screening questionnaire 2021.pdf,
102,pdf,SAS 2021_Annual Report.pdf,SAS 2021_Annual Report.pdf,https://microdata.statistics.gov.rw/index.php/catalog/102/download/912,SAS 2021_Annual Report.pdf,
103,pdf,SSF screening questionnaire 2022.pdf,SSF screening questionnaire 2022.pdf,https://microdata.statistics.gov.rw/index.php/catalog/103/download/924,SSF screening questionnaire 2022.pdf,
103,pdf,Plot Questionnaire 2022.pdf,Plot Questionnaire 2022.pdf,https://microdata.statistics.gov.rw/index.php/catalog/103/download/925,Plot Questionnaire 2022.pdf,
103,pdf,SAS 2022_Annual Report_Final.pdf,SAS 2022_Annual Report_Final.pdf,https://microdata.statistics.gov.rw/index.php/catalog/103/download/918,SAS 2022_Annual Report_Final.pdf,
111,pdf,Plot Questionnaire-Season 2023 (English ver.).pdf,Plot Questionnaire-Season 2023 (English ver.).pdf,https://microdata.statistics.gov.rw/index.php/catalog/111/download/1040,Plot Questionnaire-Season 2023 (English ver.).pdf,
111,pdf,SSF screening questionnaire 2023 (English ver.).pdf,SSF screening questionnaire 2023 (English ver.).pdf,https://microdata.statistics.gov.rw/index.php/catalog/111/download/1041,SSF screening questionnaire 2023 (English ver.).pdf,
113,pdf,Plot Questionnaire_English_USAS 23  24.pdf,Plot Questionnaire_English_USAS 23  24.pdf,https://microdata.statistics.gov.rw/index.php/catalog/113/download/1052,Plot Questionnaire_English_USAS 23  24.pdf,
113,pdf,SSF Screening questionnaire_English-USAS 23  24.pdf,SSF Screening questionnaire_English-USAS 23  24.pdf,https://microdata.statistics.gov.rw/index.php/catalog/113/download/1053,SSF Screening questionnaire_English-USAS 23  24.pdf,
66,pdf,q-rsas-2013-screening-season-C- English.pdf,q-rsas-2013-screening-season-C- English.pdf,https://microdata.statistics.gov.rw/index.php/catalog/66/download/549,q-rsas-2013-screening-season-C- English.pdf,
66,pdf,q-rsas-2013-season-A-phase-1- English.pdf,q-rsas-2013-season-A-phase-1- English.pdf,https://microdata.statistics.gov.rw/index.php/catalog/66/download/550,q-rsas-2013-season-A-phase-1- English.pdf,
66,pdf,q-rsas-2013-season-A-phase-2- English.pdf,q-rsas-2013-season-A-phase-2- English.pdf,https://microdata.statistics.gov.rw/index.php/catalog/66/download/551,q-rsas-2013-season-A-phase-2- English.pdf,
66,pdf,q-rsas-2013-season-B-phase-1- English.pdf,q-rsas-2013-season-B-phase-1- English.pdf,https://microdata.statistics.gov.rw/index.php/catalog/66/download/552,q-rsas-2013-season-B-phase-1- English.pdf,
66,pdf,q-rsas-2013-season-B-phase-2- English.pdf,q-rsas-2013-season-B-phase-2- English.pdf,https://microdata.statistics.gov.rw/index.php/catalog/66/download/553,q-rsas-2013-season-B-phase-2- English.pdf,
66,pdf,q-rsas-2013-season-C- English.pdf,q-rsas-2013-season-C- English.pdf,https://microdata.statistics.gov.rw/index.php/catalog/66/download/554,q-rsas-2013-season-C- English.pdf,
66,pdf,rsas-2013-final-report-version-2.pdf,rsas-2013-final-report-version-2.pdf,https://microdata.statistics.gov.rw/index.php/catalog/66/download/548,rsas-2013-final-report-version-2.pdf,
78,pdf,q-sas-2014-screening-big-farmers-kiny.pdf,q-sas-2014-screening-big-farmers-kiny.pdf,https://microdata.statistics.gov.rw/index.php/catalog/78/download/758,q-sas-2014-screening-big-farmers-kiny.pdf,
78,pdf,q-sas-2014-screening-segments-kin.pdf,q-sas-2014-screening-segments-kin.pdf,https://microdata.statistics.gov.rw/index.php/catalog/78/download/759,q-sas-2014-screening-segments-kin.pdf,
78,pdf,q-sas-2014-farm-questionnaire-kiny.pdf,q-sas-2014-farm-questionnaire-kiny.pdf,https://microdata.statistics.gov.rw/index.php/catalog/78/download/760,q-sas-2014-farm-questionnaire-kiny.pdf,
78,pdf,sas-2014-final-report-v1.0.pdf,sas-2014-final-report-v1.0.pdf,https://microdata.statistics.gov.rw/index.php/catalog/78/download/757,sas-2014-final-report-v1.0.pdf,
77,pdf,q-rsas-2015-screening-big-farm-questionnaire-kin.pdf,q-rsas-2015-screening-big-farm-questionnaire-kin.pdf,https://microdata.statistics.gov.rw/index.php/catalog/77/download/749,q-rsas-2015-screening-big-farm-questionnaire-kin.pdf,
77,pdf,q-rsas-2015-screening-segment-questionnaire-kin.pdf,q-rsas-2015-screening-segment-questionnaire-kin.pdf,https://microdata.statistics.gov.rw/index.php/catalog/77/download/750,q-rsas-2015-screening-segment-questionnaire-kin.pdf,
77,pdf,q-rsas-2015-farm-questionnaire-kin.pdf,q-rsas-2015-farm-questionnaire-kin.pdf,https://microdata.statistics.gov.rw/index.php/catalog/77/download/751,q-rsas-2015-farm-questionnaire-kin.pdf,
77,pdf,rsas-2015-final-report-v1.0.pdf,rsas-2015-final-report-v1.0.pdf,https://microdata.statistics.gov.rw/index.php/catalog/77/download/748,rsas-2015-final-report-v1.0.pdf,
77,pdf,rsas-2015-season-A-report-v1.0.pdf,rsas-2015-season-A-report-v1.0.pdf,https://microdata.statistics.gov.rw/index.php/catalog/77/download/752,rsas-2015-season-A-report-v1.0.pdf,
77,pdf,rsas-2015-season-B-report-v1.0.pdf,rsas-2015-season-B-report-v1.0.pdf,https://microdata.statistics.gov.rw/index.php/catalog/77/download/753,rsas-2015-season-B-report-v1.0.pdf,
76,pdf,q-screening-rsas-2016-big Farmer-Kiny.pdf,q-screening-rsas-2016-big Farmer-Kiny.pdf,https://microdata.statistics.gov.rw/index.php/catalog/76/download/742,q-screening-rsas-2016-big Farmer-Kiny.pdf,
76,pdf,q-screening_rsas-2016-segment.pdf,q-screening_rsas-2016-segment.pdf,https://microdata.statistics.gov.rw/index.php/catalog/76/download/743,q-screening_rsas-2016-segment.pdf,
76,pdf,q-farm-rsas-2016-kin.pdf,q-farm-rsas-2016-kin.pdf,https://microdata.statistics.gov.rw/index.php/catalog/76/download/744,q-farm-rsas-2016-kin.pdf,
76,pdf,rsas-2016-final-report-v1.0.pdf,rsas-2016-final-report-v1.0.pdf,https://microdata.statistics.gov.rw/index.php/catalog/76/download/741,rsas-2016-final-report-v1.0.pdf,
88,docx,q-rwa-nisr-sas-2017-plot-eng.docx,q-rwa-nisr-sas-2017-plot-eng.docx,https://microdata.statistics.gov.rw/index.php/catalog/88/download/817,q-rwa-nisr-sas-2017-plot-eng.docx,
88,docx,q-rwa-nisr-sas-2017-secreening-eng.docx,q-rwa-nisr-sas-2017-secreening-eng.docx,https://microdata.statistics.gov.rw/index.php/catalog/88/download/818,q-rwa-nisr-sas-2017-secreening-eng.docx,
88,pdf,rwa-nisr-sas-annual-report-2017-eng.pdf,rwa-nisr-sas-annual-report-2017-eng.pdf,https://microdata.statistics.gov.rw/index.php/catalog/88/download/819,rwa-nisr-sas-annual-report-2017-eng.pdf,
86,docx,q-rwa-nisr-sas-2018-plot-eng.docx,q-rwa-nisr-sas-2018-plot-eng.docx,https://microdata.statistics.gov.rw/index.php/catalog/86/download/807,q-rwa-nisr-sas-2018-plot-eng.docx,
86,docx,q-rwa-nisr-sas-2018-screening-eng.docx,q-rwa-nisr-sas-2018-screening-eng.docx,https://microdata.statistics.gov.rw/index.php/catalog/86/download/809,q-rwa-nisr-sas-2018-screening-eng.docx,
35,pdf,Questionnaire D_inventaire De La Formation Sanitaire.pdf,Questionnaire D_inventaire De La Formation Sanitaire.pdf,https://microdata.statistics.gov.rw/index.php/catalog/35/download/166,Questionnaire D_inventaire De La Formation Sanitaire.pdf,
35,pdf,Questionnaire Interview de l_agent de Sante.pdf,Questionnaire Interview de l_agent de Sante.pdf,https://microdata.statistics.gov.rw/index.php/catalog/35/download/167,Questionnaire Interview de l_agent de Sante.pdf,
35,pdf,Observation_de_la_Consultation_de_l_Enfant_Malade.pdf,Observation_de_la_Consultation_de_l_Enfant_Malade.pdf,https://microdata.statistics.gov.rw/index.php/catalog/35/download/168,Observation_de_la_Consultation_de_l_Enfant_Malade.pdf,
35,pdf,Interview_de_Sortie_de_Consultation_de_la Personne_qui_s_Occupe_de_l_Enfant_Malade.pdf,Interview_de_Sortie_de_Consultation_de_la Personne_qui_s_Occupe_de_l_Enfant_Malade.pdf,https://microdata.statistics.gov.rw/index.php/catalog/35/download/169,Interview_de_Sortie_de_Consultation_de_la Personne_qui_s_Occupe_de_l_Enfant_Malade.pdf,
35,pdf,Interview_de_Sortie_pour_les_Patientes_ayant_recu_des_Soins_Prenatals.pdf,Interview_de_Sortie_pour_les_Patientes_ayant_recu_des_Soins_Prenatals.pdf,https://microdata.statistics.gov.rw/index.php/catalog/35/download/171,Interview_de_Sortie_pour_les_Patientes_ayant_recu_des_Soins_Prenatals.pdf,
35,pdf,Rwanda Service Provision Assessment Survey 2001 Report.pdf,Rwanda Service Provision Assessment Survey 2001 Report.pdf,https://microdata.statistics.gov.rw/index.php/catalog/35/download/165,Rwanda Service Provision Assessment Survey 2001 Report.pdf,
35,pdf,Observation_des_Patientes_Ayant_Recu_des_Soins_Prenatals.pdf,Observation_des_Patientes_Ayant_Recu_des_Soins_Prenatals.pdf,https://microdata.statistics.gov.rw/index.php/catalog/35/download/170,Observation_des_Patientes_Ayant_Recu_des_Soins_Prenatals.pdf,
60,pdf,q-russ-2012-eng-v1.pdf,q-russ-2012-eng-v1.pdf,https://microdata.statistics.gov.rw/index.php/catalog/60/download/352,q-russ-2012-eng-v1.pdf,
60,pdf,russ-2012-final-report.pdf,russ-2012-final-report.pdf,https://microdata.statistics.gov.rw/index.php/catalog/60/download/349,russ-2012-final-report.pdf,
60,pdf,russ-2012-Study-Protocol .pdf,russ-2012-Study-Protocol .pdf,https://microdata.statistics.gov.rw/index.php/catalog/60/download/348,russ-2012-Study-Protocol .pdf,
60,pdf,russ-2012-sampling-methodology.pdf,russ-2012-sampling-methodology.pdf,https://microdata.statistics.gov.rw/index.php/catalog/60/download/350,russ-2012-sampling-methodology.pdf,
60,pdf,russ-2012-roadmap.pdf,russ-2012-roadmap.pdf,https://microdata.statistics.gov.rw/index.php/catalog/60/download/351,russ-2012-roadmap.pdf,
24,pdf,VUP_Questionnaire.pdf,VUP_Questionnaire.pdf,https://microdata.statistics.gov.rw/index.php/catalog/24/download/95,VUP_Questionnaire.pdf,
24,pdf,vision2020_umurenge.pdf,vision2020_umurenge.pdf,https://microdata.statistics.gov.rw/index.php/catalog/24/download/96,vision2020_umurenge.pdf,
